product_name,product_price,product_image,product_image_1,product_image_2,search_text
Acrylic Lectern,$75.00 ,https://partyperfect.com/itemimages/8927t.jpg,https://partyperfectcom/itemimages/8927-1.jpg,https://partyperfectcom/itemimages/8927-2.jpg,AUDIO VISUAL RENTALS
Bubble Machine,$39.70 ,https://partyperfect.com/itemimages/3409t.jpg,https://partyperfectcom/itemimages/3409-1.jpg,https://partyperfectcom/itemimages/3409-2.jpg,AUDIO VISUAL RENTALS
Bullhorn,$22.70 ,https://partyperfect.com/itemimages/3371t.jpg,https://partyperfectcom/itemimages/3371-1.jpg,https://partyperfectcom/itemimages/3372-,AUDIO VISUAL RENTALS
Fog Machine,$51.00 ,https://partyperfect.com/itemimages/3408t.jpg,https://partyperfectcom/itemimages/3408-1.jpg,https://partyperfectcom/itemimages/3408-2.jpg,AUDIO VISUAL RENTALS
Follow Spotlight,$62.30 ,https://partyperfect.com/itemimages/3343t.jpg,https://partyperfectcom/itemimages/3343-1.jpg,https://partyperfectcom/itemimages/3343-2.jpg,AUDIO VISUAL RENTALS
Lapel Mic,$17.00 ,https://partyperfect.com/itemimages/3353t.jpg,https://partyperfectcom/itemimages/3353-1.jpg,https://partyperfectcom/itemimages/3353-2.jpg,AUDIO VISUAL RENTALS
LCD Projector,$50.00 ,https://partyperfect.com/itemimages/3372t.jpg,https://partyperfectcom/itemimages/3372-1.jpg,https://partyperfectcom/itemimages/3372-2.jpg,AUDIO VISUAL RENTALS
Mp3 PA System,$150.00 ,https://partyperfect.com/itemimages/1269t.jpg,https://partyperfectcom/itemimages/1269-1.jpg,https://partyperfectcom/itemimages/2269-,AUDIO VISUAL RENTALS
Wireless Microphone,$22.70 ,https://partyperfect.com/itemimages/1270t.jpg,https://partyperfectcom/itemimages/1270-1.jpg,https://partyperfectcom/itemimages/2270-,AUDIO VISUAL RENTALS
Acrylic Bar,$283.00 ,https://partyperfect.com/itemimages/7967t.jpg,https://partyperfectcom/itemimages/7967-1.jpg,https://partyperfectcom/itemimages/7967-2.jpg,BAR_RENTALS
Bar Top Package, ,https://partyperfect.com/itemimages/9165t.jpg,https://partyperfectcom/itemimages/9165-1.jpg,https://partyperfectcom/itemimages/9265-,BAR_RENTALS
Collapsible Bar,$90.50 ,https://partyperfect.com/itemimages/1621t.jpg,https://partyperfectcom/itemimages/1621-1.jpg,https://partyperfectcom/itemimages/262,BAR_RENTALS
Wine Barrel Bar,$136.50 ,https://partyperfect.com/itemimages/8309t.jpg,https://partyperfectcom/itemimages/8309-1.jpg,https://partyperfectcom/itemimages/8309-2.jpg,BAR_RENTALS
1 Gallon Push Button Coffee Server,$26.52 ,https://partyperfect.com/itemimages/3433t.jpg,https://partyperfectcom/itemimages/3433-1.jpg,https://partyperfectcom/itemimages/3433-2.jpg,BEVERAGE_SERVICE_RENTALS
10 Gallon Liquid Carrier,$17.34 ,https://partyperfect.com/itemimages/1107t.jpg,https://partyperfectcom/itemimages/1107-1.jpg,https://partyperfectcom/itemimages/2,BEVERAGE_SERVICE_RENTALS
100 Cup Silver Hammered Coffee Server,$36.72 ,https://partyperfect.com/itemimages/8647t.jpg,https://partyperfectcom/itemimages/8647-1.jpg,https://partyperfectcom/itemimages/8647-2.jpg,BEVERAGE_SERVICE_RENTALS
100 Cup Stainless Westco Coffee Urn,$26.52 ,https://partyperfect.com/itemimages/8261t.jpg,https://partyperfectcom/itemimages/8261-1.jpg,https://partyperfectcom/itemimages/8262-,BEVERAGE_SERVICE_RENTALS
"12"" Silver Round Punch Ladle",$3.06 ,https://partyperfect.com/itemimages/8786t.jpg,https://partyperfectcom/itemimages/8786-1.jpg,https://partyperfectcom/itemimages/8786-2.jpg,BEVERAGE_SERVICE_RENTALS
150 Qt. White Ice Chest,$26.52 ,https://partyperfect.com/itemimages/8244t.jpg,https://partyperfectcom/itemimages/8244-1.jpg,https://partyperfectcom/itemimages/8244-2.jpg,BEVERAGE_SERVICE_RENTALS
2 Gallon Acrylic Beverage Dispenser,$20.91 ,https://partyperfect.com/itemimages/9099t.jpg,https://partyperfectcom/itemimages/9099-1.jpg,https://partyperfectcom/itemimages/9099-2.jpg,BEVERAGE_SERVICE_RENTALS
2 Qt. Stainless Hammered Water Pitcher,$4.08 ,https://partyperfect.com/itemimages/8651t.jpg,https://partyperfectcom/itemimages/8651-1.jpg,https://partyperfectcom/itemimages/8652-,BEVERAGE_SERVICE_RENTALS
2.5 Gallon Acrylic Beverage Dispenser,$22.44 ,https://partyperfect.com/itemimages/8522t.jpg,https://partyperfectcom/itemimages/8522-1.jpg,https://partyperfectcom/itemimages/8522-2.jpg,BEVERAGE_SERVICE_RENTALS
3 Gallon Hammered Punch Bowl,$20.91 ,https://partyperfect.com/itemimages/9228t.jpg,https://partyperfectcom/itemimages/9228-1.jpg,https://partyperfectcom/itemimages/9228-2.jpg,BEVERAGE_SERVICE_RENTALS
40 Oz Thermal Coffee Server,$2.04 ,https://partyperfect.com/itemimages/1643t.jpg,https://partyperfectcom/itemimages/1643-1.jpg,https://partyperfectcom/itemimages/2643-,BEVERAGE_SERVICE_RENTALS
48 Qt. Green Ice Chest,$15.81 ,https://partyperfect.com/itemimages/1046t.jpg,https://partyperfectcom/itemimages/1046-1.jpg,https://partyperfectcom/itemimages/2046-,BEVERAGE_SERVICE_RENTALS
5 Gallon Cambro Liquid Carrier,$15.81 ,https://partyperfect.com/itemimages/1106t.jpg,https://partyperfectcom/itemimages/1106-1.jpg,https://partyperfectcom/itemimages/2,BEVERAGE_SERVICE_RENTALS
50 Cup Silver Round Coffee Server,$36.72 ,https://partyperfect.com/itemimages/1034t.jpg,https://partyperfectcom/itemimages/1034-1.jpg,https://partyperfectcom/itemimages/2034-,BEVERAGE_SERVICE_RENTALS
50 Cup Stainless Coffee Server,$26.52 ,https://partyperfect.com/itemimages/8779t.jpg,https://partyperfectcom/itemimages/8779-1.jpg,https://partyperfectcom/itemimages/8779-2.jpg,BEVERAGE_SERVICE_RENTALS
50 Cup Stainless Hammered Coffee Server,$31.62 ,https://partyperfect.com/itemimages/8645t.jpg,https://partyperfectcom/itemimages/8645-1.jpg,https://partyperfectcom/itemimages/8645-2.jpg,BEVERAGE_SERVICE_RENTALS
55 Cup Regal Coffee Urn,$18.87 ,https://partyperfect.com/itemimages/1037t.jpg,https://partyperfectcom/itemimages/1037-1.jpg,https://partyperfectcom/itemimages/2037-,BEVERAGE_SERVICE_RENTALS
7 Gal Plain Fountain,$73.44 ,https://partyperfect.com/itemimages/1516t.jpg,https://partyperfectcom/itemimages/1516-1.jpg,https://partyperfectcom/itemimages/25,BEVERAGE_SERVICE_RENTALS
70 Qt. Blue Ice Chest,$18.87 ,https://partyperfect.com/itemimages/8340t.jpg,https://partyperfectcom/itemimages/8340-1.jpg,https://partyperfectcom/itemimages/8340-2.jpg,BEVERAGE_SERVICE_RENTALS
8 Oz Stainless Bell Creamer,$3.06 ,https://partyperfect.com/itemimages/1105t.jpg,https://partyperfectcom/itemimages/1105-1.jpg,https://partyperfectcom/itemimages/2,BEVERAGE_SERVICE_RENTALS
Cambro Ice Bucket W/ Wheels,$27.54 ,https://partyperfect.com/itemimages/1043t.jpg,https://partyperfectcom/itemimages/1043-1.jpg,https://partyperfectcom/itemimages/2043-,BEVERAGE_SERVICE_RENTALS
"Hammered 13"" Punch Ladle",$3.06 ,https://partyperfect.com/itemimages/9227t.jpg,https://partyperfectcom/itemimages/9227-1.jpg,https://partyperfectcom/itemimages/9227-2.jpg,BEVERAGE_SERVICE_RENTALS
Plastic Water Pitcher,$1.53 ,https://partyperfect.com/itemimages/1109t.jpg,https://partyperfectcom/itemimages/1109-1.jpg,https://partyperfectcom/itemimages/2,BEVERAGE_SERVICE_RENTALS
Silver Creamer,$4.08 ,https://partyperfect.com/itemimages/1102t.jpg,https://partyperfectcom/itemimages/1102-1.jpg,https://partyperfectcom/itemimages/2,BEVERAGE_SERVICE_RENTALS
Silver Ornate Champagne Bucket,$11.73 ,https://partyperfect.com/itemimages/1029t.jpg,https://partyperfectcom/itemimages/1029-1.jpg,https://partyperfectcom/itemimages/2029-,BEVERAGE_SERVICE_RENTALS
"Silver Oval 13"" Punch Ladle",$3.06 ,https://partyperfect.com/itemimages/8741t.jpg,https://partyperfectcom/itemimages/8741-1.jpg,https://partyperfectcom/itemimages/8742-,BEVERAGE_SERVICE_RENTALS
Silver Plain Champagne Bucket,$10.71 ,https://partyperfect.com/itemimages/8258t.jpg,https://partyperfectcom/itemimages/8258-1.jpg,https://partyperfectcom/itemimages/8258-2.jpg,BEVERAGE_SERVICE_RENTALS
Silver Sugar Bowl,$4.08 ,https://partyperfect.com/itemimages/1103t.jpg,https://partyperfectcom/itemimages/1103-1.jpg,https://partyperfectcom/itemimages/2,BEVERAGE_SERVICE_RENTALS
Silver Water Pitcher,$6.12 ,https://partyperfect.com/itemimages/1110t.jpg,https://partyperfectcom/itemimages/1110-1.jpg,https://partyperfectcom/itemimages/2,BEVERAGE_SERVICE_RENTALS
Stainless Hammered Beverage Tub,$20.91 ,https://partyperfect.com/itemimages/8652t.jpg,https://partyperfectcom/itemimages/8652-1.jpg,https://partyperfectcom/itemimages/8652-2.jpg,BEVERAGE_SERVICE_RENTALS
1/2 Sheet Pan,$3.06 ,https://partyperfect.com/itemimages/1638t.jpg,https://partyperfectcom/itemimages/1638-1.jpg,https://partyperfectcom/itemimages/2638-,CATERING_EQUIPMENT_RENTALS
"10"" Revere Bowl W Liner",$5.61 ,https://partyperfect.com/itemimages/1649t.jpg,https://partyperfectcom/itemimages/1649-1.jpg,https://partyperfectcom/itemimages/2649-,CATERING_EQUIPMENT_RENTALS
"15""x11"" Small Wooden Carving Board",$7.14 ,https://partyperfect.com/itemimages/8804t.jpg,https://partyperfectcom/itemimages/8804-1.jpg,https://partyperfectcom/itemimages/8804-2.jpg,CATERING_EQUIPMENT_RENTALS
"20""x15"" Large Wooden Carving Board",$7.14 ,https://partyperfect.com/itemimages/1622t.jpg,https://partyperfectcom/itemimages/1622-1.jpg,https://partyperfectcom/itemimages/2622-,CATERING_EQUIPMENT_RENTALS
4 Pan Cambro Food Carrier,$34.68 ,https://partyperfect.com/itemimages/1623t.jpg,https://partyperfectcom/itemimages/1623-1.jpg,https://partyperfectcom/itemimages/2623-,CATERING_EQUIPMENT_RENTALS
"4"" Revere Bowl W Liner",$3.06 ,https://partyperfect.com/itemimages/1645t.jpg,https://partyperfectcom/itemimages/1645-1.jpg,https://partyperfectcom/itemimages/2645-,CATERING_EQUIPMENT_RENTALS
6 Pan Cambro Food Carrier,$36.72 ,https://partyperfect.com/itemimages/1625t.jpg,https://partyperfectcom/itemimages/1625-1.jpg,https://partyperfectcom/itemimages/2625-,CATERING_EQUIPMENT_RENTALS
"6"" Revere Bowl W Liner",$4.08 ,https://partyperfect.com/itemimages/1648t.jpg,https://partyperfectcom/itemimages/1648-1.jpg,https://partyperfectcom/itemimages/2648-,CATERING_EQUIPMENT_RENTALS
8 Pan Cambro Food Carrier,$41.82 ,https://partyperfect.com/itemimages/1624t.jpg,https://partyperfectcom/itemimages/1624-1.jpg,https://partyperfectcom/itemimages/2624-,CATERING_EQUIPMENT_RENTALS
"8"" Revere Bowl W Liner",$5.10 ,https://partyperfect.com/itemimages/1646t.jpg,https://partyperfectcom/itemimages/1646-1.jpg,https://partyperfectcom/itemimages/2646-,CATERING_EQUIPMENT_RENTALS
"9"" Revere Bowl W Liner",$7.14 ,https://partyperfect.com/itemimages/8272t.jpg,https://partyperfectcom/itemimages/8272-1.jpg,https://partyperfectcom/itemimages/8272-2.jpg,CATERING_EQUIPMENT_RENTALS
Crescor Electric Hot Foodbox,$110.00 ,https://partyperfect.com/itemimages/9362t.jpg,https://partyperfectcom/itemimages/9362-1.jpg,https://partyperfectcom/itemimages/9362-2.jpg,CATERING_EQUIPMENT_RENTALS
Crescor Hot Foodbox,$84.15 ,https://partyperfect.com/itemimages/1628t.jpg,https://partyperfectcom/itemimages/1628-1.jpg,https://partyperfectcom/itemimages/2628-,CATERING_EQUIPMENT_RENTALS
Double Heat Lamp,$20.91 ,https://partyperfect.com/itemimages/1690t.jpg,https://partyperfectcom/itemimages/1690-1.jpg,https://partyperfectcom/itemimages/2690-,CATERING_EQUIPMENT_RENTALS
Plastic Plate Covers,$1.02 ,https://partyperfect.com/itemimages/1632t.jpg,https://partyperfectcom/itemimages/1632-1.jpg,https://partyperfectcom/itemimages/2632-,CATERING_EQUIPMENT_RENTALS
Sheet Pan,$3.57 ,https://partyperfect.com/itemimages/1637t.jpg,https://partyperfectcom/itemimages/1637-1.jpg,https://partyperfectcom/itemimages/2637-,CATERING_EQUIPMENT_RENTALS
Small Silver Shrimp Server,$8.16 ,https://partyperfect.com/itemimages/1681t.jpg,https://partyperfectcom/itemimages/1681-1.jpg,https://partyperfectcom/itemimages/268,CATERING_EQUIPMENT_RENTALS
1.25 Qt. Stainless Hammered Sauce Warmer,$15.81 ,https://partyperfect.com/itemimages/8656t.jpg,https://partyperfectcom/itemimages/8656-1.jpg,https://partyperfectcom/itemimages/8656-2.jpg,CHAFERS_WARMERS_RENTALS
1/2 Food Pan,$1.79 ,https://partyperfect.com/itemimages/1117t.jpg,https://partyperfectcom/itemimages/1117-1.jpg,https://partyperfectcom/itemimages/2,CHAFERS_WARMERS_RENTALS
1/2 Water Pan,$1.79 ,https://partyperfect.com/itemimages/9233t.jpg,https://partyperfectcom/itemimages/9233-1.jpg,https://partyperfectcom/itemimages/9233-2.jpg,CHAFERS_WARMERS_RENTALS
5 Qt. Oval Silver Chafer,$33.66 ,https://partyperfect.com/itemimages/1129t.jpg,https://partyperfectcom/itemimages/1129-1.jpg,https://partyperfectcom/itemimages/2,CHAFERS_WARMERS_RENTALS
6 Qt. Round Stainless Hammered Chafer,$29.58 ,https://partyperfect.com/itemimages/8655t.jpg,https://partyperfectcom/itemimages/8655-1.jpg,https://partyperfectcom/itemimages/8655-2.jpg,CHAFERS_WARMERS_RENTALS
8 Qt Rectangle Stainless Hammered Chafer,$31.62 ,https://partyperfect.com/itemimages/8654t.jpg,https://partyperfectcom/itemimages/8654-1.jpg,https://partyperfectcom/itemimages/8654-2.jpg,CHAFERS_WARMERS_RENTALS
8 Qt. Brass Leg Stainless Chafer,$22.95 ,https://partyperfect.com/itemimages/1125t.jpg,https://partyperfectcom/itemimages/1125-1.jpg,https://partyperfectcom/itemimages/2,CHAFERS_WARMERS_RENTALS
8 Qt. Food Pan,$3.06 ,https://partyperfect.com/itemimages/1116t.jpg,https://partyperfectcom/itemimages/1116-1.jpg,https://partyperfectcom/itemimages/2,CHAFERS_WARMERS_RENTALS
8 Qt. Iron Leg Stainless Chafer,$22.95 ,https://partyperfect.com/itemimages/1126t.jpg,https://partyperfectcom/itemimages/1126-1.jpg,https://partyperfectcom/itemimages/2,CHAFERS_WARMERS_RENTALS
8 Qt. Rectangle Rolltop Chafer,$39.78 ,https://partyperfect.com/itemimages/1121t.jpg,https://partyperfectcom/itemimages/1121-1.jpg,https://partyperfectcom/itemimages/2,CHAFERS_WARMERS_RENTALS
8 Qt. Rectangle Stainless Chafer,$22.95 ,https://partyperfect.com/itemimages/1112t.jpg,https://partyperfectcom/itemimages/1112-1.jpg,https://partyperfectcom/itemimages/2,CHAFERS_WARMERS_RENTALS
8 Qt. Rolltop Chafer With Brass Handle,$39.78 ,https://partyperfect.com/itemimages/8241t.jpg,https://partyperfectcom/itemimages/8241-1.jpg,https://partyperfectcom/itemimages/8242-,CHAFERS_WARMERS_RENTALS
8 Qt. Round Stainless Rolltop Chafer,$39.78 ,https://partyperfect.com/itemimages/1115t.jpg,https://partyperfectcom/itemimages/1115-1.jpg,https://partyperfectcom/itemimages/2,CHAFERS_WARMERS_RENTALS
Black Garden Chair,$3.70 ,https://partyperfect.com/itemimages/1184t.jpg,https://partyperfectcom/itemimages/1184-1.jpg,https://partyperfectcom/itemimages/2,CHAIR_RENTALS
Black Vinyl Folding Chair,$1.60 ,https://partyperfect.com/itemimages/1176t.jpg,https://partyperfectcom/itemimages/1176-1.jpg,https://partyperfectcom/itemimages/2,CHAIR_RENTALS
Chiavari Chairs, ,https://partyperfect.com/itemimages/9145t.jpg,https://partyperfectcom/itemimages/9145-1.jpg,https://partyperfectcom/itemimages/9245-,CHAIR_RENTALS
Natural Garden Chair,$3.70 ,https://partyperfect.com/itemimages/1182t.jpg,https://partyperfectcom/itemimages/1182-1.jpg,https://partyperfectcom/itemimages/2,CHAIR_RENTALS
Red Throne Chair,$181.30 ,https://partyperfect.com/itemimages/1185t.jpg,https://partyperfectcom/itemimages/1185-1.jpg,https://partyperfectcom/itemimages/2,CHAIR_RENTALS
Tan On Satin Folding Chair,$1.70 ,https://partyperfect.com/itemimages/1147t.jpg,https://partyperfectcom/itemimages/1147-1.jpg,https://partyperfectcom/itemimages/2,CHAIR_RENTALS
Timberwood Garden Chair,$3.70 ,https://partyperfect.com/itemimages/9265t.jpg,https://partyperfectcom/itemimages/9265-1.jpg,https://partyperfectcom/itemimages/9265-2.jpg,CHAIR_RENTALS
White Garden Chair,$3.70 ,https://partyperfect.com/itemimages/1183t.jpg,https://partyperfectcom/itemimages/1183-1.jpg,https://partyperfectcom/itemimages/2,CHAIR_RENTALS
White Throne Chair,$181.30 ,https://partyperfect.com/itemimages/8603t.jpg,https://partyperfectcom/itemimages/8603-1.jpg,https://partyperfectcom/itemimages/8603-2.jpg,CHAIR_RENTALS
White Vinyl Folding Chair,$1.80 ,https://partyperfect.com/itemimages/8643t.jpg,https://partyperfectcom/itemimages/8643-1.jpg,https://partyperfectcom/itemimages/8643-2.jpg,CHAIR_RENTALS
X Back Bar Stool,$13.40 ,https://partyperfect.com/itemimages/7963t.jpg,https://partyperfectcom/itemimages/7963-1.jpg,https://partyperfectcom/itemimages/7963-2.jpg,CHAIR_RENTALS
X Back Chair,$8.60 ,https://partyperfect.com/itemimages/7962t.jpg,https://partyperfectcom/itemimages/7962-1.jpg,https://partyperfectcom/itemimages/7962-2.jpg,CHAIR_RENTALS
X Back Chair Cushion,$2.50 ,https://partyperfect.com/itemimages/8644t.jpg,https://partyperfectcom/itemimages/8644-1.jpg,https://partyperfectcom/itemimages/8644-2.jpg,CHAIR_RENTALS
"10"" Black Square Dinner Plate",$0.68 ,https://partyperfect.com/itemimages/1231t.jpg,https://partyperfectcom/itemimages/1231-1.jpg,https://partyperfectcom/itemimages/223,CHINA_RENTALS
"10"" White Square Dinner Plate",$0.68 ,https://partyperfect.com/itemimages/1225t.jpg,https://partyperfectcom/itemimages/1225-1.jpg,https://partyperfectcom/itemimages/2225-,CHINA_RENTALS
"13"" Copper Beaded Lacquer Charger",$0.92 ,https://partyperfect.com/itemimages/8938t.jpg,https://partyperfectcom/itemimages/8938-1.jpg,https://partyperfectcom/itemimages/8938-2.jpg,CHINA_RENTALS
"13"" Gold Bead Glass Charger",$5.10 ,https://partyperfect.com/itemimages/8687t.jpg,https://partyperfectcom/itemimages/8687-1.jpg,https://partyperfectcom/itemimages/8687-2.jpg,CHINA_RENTALS
"13"" Gold Lacquer Charger",$0.92 ,https://partyperfect.com/itemimages/8291t.jpg,https://partyperfectcom/itemimages/8291-1.jpg,https://partyperfectcom/itemimages/8292-,CHINA_RENTALS
"13"" Rose Gold Lacquer Charger",$0.92 ,https://partyperfect.com/itemimages/9261t.jpg,https://partyperfectcom/itemimages/9261-1.jpg,https://partyperfectcom/itemimages/9262-,CHINA_RENTALS
"13"" Silver Lacquer Charger",$0.92 ,https://partyperfect.com/itemimages/8632t.jpg,https://partyperfectcom/itemimages/8632-1.jpg,https://partyperfectcom/itemimages/8632-2.jpg,CHINA_RENTALS
"14.25"" X 7.5"" White Ceramic Platter",$8.16 ,https://partyperfect.com/itemimages/8933t.jpg,https://partyperfectcom/itemimages/8933-1.jpg,https://partyperfectcom/itemimages/8933-2.jpg,CHINA_RENTALS
"17"" X 15"" White Ceramic Platter",$9.24 ,https://partyperfect.com/itemimages/8803t.jpg,https://partyperfectcom/itemimages/8803-1.jpg,https://partyperfectcom/itemimages/8803-2.jpg,CHINA_RENTALS
"18"" X 11"" White Ceramic Platter",$9.24 ,https://partyperfect.com/itemimages/1227t.jpg,https://partyperfectcom/itemimages/1227-1.jpg,https://partyperfectcom/itemimages/2227-,CHINA_RENTALS
"18"" X 8.75"" White Ceramic Platter",$9.24 ,https://partyperfect.com/itemimages/8934t.jpg,https://partyperfectcom/itemimages/8934-1.jpg,https://partyperfectcom/itemimages/8934-2.jpg,CHINA_RENTALS
"21"" X 13"" White Ceramic Platter",$9.24 ,https://partyperfect.com/itemimages/8935t.jpg,https://partyperfectcom/itemimages/8935-1.jpg,https://partyperfectcom/itemimages/8935-2.jpg,CHINA_RENTALS
4oz White Bouillon Soup Cup,$0.48 ,https://partyperfect.com/itemimages/1224t.jpg,https://partyperfectcom/itemimages/1224-1.jpg,https://partyperfectcom/itemimages/2224-,CHINA_RENTALS
6 Oz White Ramekin,$0.48 ,https://partyperfect.com/itemimages/1242t.jpg,https://partyperfectcom/itemimages/1242-1.jpg,https://partyperfectcom/itemimages/2242-,CHINA_RENTALS
"6"" White Oval Plate",$0.63 ,https://partyperfect.com/itemimages/1236t.jpg,https://partyperfectcom/itemimages/1236-1.jpg,https://partyperfectcom/itemimages/2236-,CHINA_RENTALS
60 Oz White Family Style Bowl,$3.42 ,https://partyperfect.com/itemimages/8119t.jpg,https://partyperfectcom/itemimages/8119-1.jpg,https://partyperfectcom/itemimages/82,CHINA_RENTALS
"7.5"" Black Square Salad Plate",$0.68 ,https://partyperfect.com/itemimages/1232t.jpg,https://partyperfectcom/itemimages/1232-1.jpg,https://partyperfectcom/itemimages/2232-,CHINA_RENTALS
"7.5"" White Square Salad Plate",$0.68 ,https://partyperfect.com/itemimages/1226t.jpg,https://partyperfectcom/itemimages/1226-1.jpg,https://partyperfectcom/itemimages/2226-,CHINA_RENTALS
"8"" Glass Salad Plate",$0.53 ,https://partyperfect.com/itemimages/1578t.jpg,https://partyperfectcom/itemimages/1578-1.jpg,https://partyperfectcom/itemimages/2578-,CHINA_RENTALS
"9"" Glass Dinner Plate",$0.53 ,https://partyperfect.com/itemimages/1576t.jpg,https://partyperfectcom/itemimages/1576-1.jpg,https://partyperfectcom/itemimages/2576-,CHINA_RENTALS
Black Demitasse Cup,$0.48 ,https://partyperfect.com/itemimages/1247t.jpg,https://partyperfectcom/itemimages/1247-1.jpg,https://partyperfectcom/itemimages/2247-,CHINA_RENTALS
Black Demitasse Saucer,$0.48 ,https://partyperfect.com/itemimages/1248t.jpg,https://partyperfectcom/itemimages/1248-1.jpg,https://partyperfectcom/itemimages/2248-,CHINA_RENTALS
Black Square Bowl,$0.68 ,https://partyperfect.com/itemimages/1245t.jpg,https://partyperfectcom/itemimages/1245-1.jpg,https://partyperfectcom/itemimages/2245-,CHINA_RENTALS
CHINA - CAROLINE, ,https://partyperfect.com/itemimages/8784t.jpg,https://partyperfectcom/itemimages/8784-1.jpg,https://partyperfectcom/itemimages/8784-2.jpg,CHINA_RENTALS
CHINA - JULIA PLATINUM RIM, ,https://partyperfect.com/itemimages/8799t.jpg,https://partyperfectcom/itemimages/8799-1.jpg,https://partyperfectcom/itemimages/8799-2.jpg,CHINA_RENTALS
CHINA - PEACOCK, ,https://partyperfect.com/itemimages/8797t.jpg,https://partyperfectcom/itemimages/8797-1.jpg,https://partyperfectcom/itemimages/8797-2.jpg,CHINA_RENTALS
CHINA - REGINA, ,https://partyperfect.com/itemimages/8785t.jpg,https://partyperfectcom/itemimages/8785-1.jpg,https://partyperfectcom/itemimages/8785-2.jpg,CHINA_RENTALS
CHINA - WHITE JULIA, ,https://partyperfect.com/itemimages/8800t.jpg,https://partyperfectcom/itemimages/8800-1.jpg,https://partyperfectcom/itemimages/8800-2.jpg,CHINA_RENTALS
"Heirloom Linen Dinner Plate 10.75""",$0.71 ,https://partyperfect.com/itemimages/9312t.jpg,https://partyperfectcom/itemimages/9312-1.jpg,https://partyperfectcom/itemimages/9322-,CHINA_RENTALS
"Heirloom Linen Salad Plate 8""",$0.71 ,https://partyperfect.com/itemimages/9311t.jpg,https://partyperfectcom/itemimages/9311-1.jpg,https://partyperfectcom/itemimages/932,CHINA_RENTALS
"Heirloom Smoke Dinner Plate 10.75""",$0.71 ,https://partyperfect.com/itemimages/9314t.jpg,https://partyperfectcom/itemimages/9314-1.jpg,https://partyperfectcom/itemimages/9324-,CHINA_RENTALS
"Heirloom Smoke Salad Plate 8""",$0.71 ,https://partyperfect.com/itemimages/9313t.jpg,https://partyperfectcom/itemimages/9313-1.jpg,https://partyperfectcom/itemimages/9323-,CHINA_RENTALS
Square Deep Dish Platter,$1.47 ,https://partyperfect.com/itemimages/1228t.jpg,https://partyperfectcom/itemimages/1228-1.jpg,https://partyperfectcom/itemimages/2228-,CHINA_RENTALS
Triangular White Salad Plate,$0.63 ,https://partyperfect.com/itemimages/1233t.jpg,https://partyperfectcom/itemimages/1233-1.jpg,https://partyperfectcom/itemimages/2233-,CHINA_RENTALS
White Asian Spoon,$0.48 ,https://partyperfect.com/itemimages/1249t.jpg,https://partyperfectcom/itemimages/1249-1.jpg,https://partyperfectcom/itemimages/2249-,CHINA_RENTALS
White Demitasse Cup,$0.48 ,https://partyperfect.com/itemimages/8276t.jpg,https://partyperfectcom/itemimages/8276-1.jpg,https://partyperfectcom/itemimages/8276-2.jpg,CHINA_RENTALS
White Demitasse Saucer,$0.48 ,https://partyperfect.com/itemimages/1235t.jpg,https://partyperfectcom/itemimages/1235-1.jpg,https://partyperfectcom/itemimages/2235-,CHINA_RENTALS
White Square Soup Bowl,$0.48 ,https://partyperfect.com/itemimages/1234t.jpg,https://partyperfectcom/itemimages/1234-1.jpg,https://partyperfectcom/itemimages/2234-,CHINA_RENTALS
White W/ Gold Rim Bread &amp; Butter Plate,$0.63 ,https://partyperfect.com/itemimages/1200t.jpg,https://partyperfectcom/itemimages/1200-1.jpg,https://partyperfectcom/itemimages/2200-,CHINA_RENTALS
White W/ Gold Rim Coffee Cup,$0.63 ,https://partyperfect.com/itemimages/1201t.jpg,https://partyperfectcom/itemimages/1201-1.jpg,https://partyperfectcom/itemimages/220,CHINA_RENTALS
White W/ Gold Rim Dinner Plate,$0.63 ,https://partyperfect.com/itemimages/1203t.jpg,https://partyperfectcom/itemimages/1203-1.jpg,https://partyperfectcom/itemimages/2203-,CHINA_RENTALS
White W/ Gold Rim Salad Plate,$0.63 ,https://partyperfect.com/itemimages/1199t.jpg,https://partyperfectcom/itemimages/1199-1.jpg,https://partyperfectcom/itemimages/2,CHINA_RENTALS
Cotton Candy, ,https://partyperfect.com/itemimages/8852t.jpg,https://partyperfectcom/itemimages/8852-1.jpg,https://partyperfectcom/itemimages/8852-2.jpg,CONCESSION_RENTALS
Frozen Drinks, ,https://partyperfect.com/itemimages/8853t.jpg,https://partyperfectcom/itemimages/8853-1.jpg,https://partyperfectcom/itemimages/8853-2.jpg,CONCESSION_RENTALS
Hot Dog Steamer,$41.82 ,https://partyperfect.com/itemimages/1263t.jpg,https://partyperfectcom/itemimages/1263-1.jpg,https://partyperfectcom/itemimages/2263-,CONCESSION_RENTALS
Popcorn, ,https://partyperfect.com/itemimages/8850t.jpg,https://partyperfectcom/itemimages/8850-1.jpg,https://partyperfectcom/itemimages/8850-2.jpg,CONCESSION_RENTALS
Sno Cones, ,https://partyperfect.com/itemimages/8851t.jpg,https://partyperfectcom/itemimages/8851-1.jpg,https://partyperfectcom/itemimages/8852-,CONCESSION_RENTALS
"25"" Silver Ceremonial Scissors",$25.00 ,https://partyperfect.com/itemimages/1453t.jpg,https://partyperfectcom/itemimages/1453-1.jpg,https://partyperfectcom/itemimages/2453-,CONVENTION/MEETING_RENTALS
"39"" Rollaway Bed",$45.00 ,https://partyperfect.com/itemimages/1024t.jpg,https://partyperfectcom/itemimages/1024-1.jpg,https://partyperfectcom/itemimages/2024-,CONVENTION/MEETING_RENTALS
5' Aluminum Folding Easel,$15.00 ,https://partyperfect.com/itemimages/1276t.jpg,https://partyperfectcom/itemimages/1276-1.jpg,https://partyperfectcom/itemimages/2276-,CONVENTION/MEETING_RENTALS
Brass Easel,$15.00 ,https://partyperfect.com/itemimages/1277t.jpg,https://partyperfectcom/itemimages/1277-1.jpg,https://partyperfectcom/itemimages/2277-,CONVENTION/MEETING_RENTALS
Chrome Easel,$15.00 ,https://partyperfect.com/itemimages/1275t.jpg,https://partyperfectcom/itemimages/1275-1.jpg,https://partyperfectcom/itemimages/2275-,CONVENTION/MEETING_RENTALS
Projector Screen on Tripod 7'W-6'H,$20.00 ,https://partyperfect.com/itemimages/3368t.jpg,https://partyperfectcom/itemimages/3368-1.jpg,https://partyperfectcom/itemimages/3368-2.jpg,CONVENTION/MEETING_RENTALS
Table Top Easel,$9.50 ,https://partyperfect.com/itemimages/1278t.jpg,https://partyperfectcom/itemimages/1278-1.jpg,https://partyperfectcom/itemimages/2278-,CONVENTION/MEETING_RENTALS
4' Coat Rack W Wheels,$23.50 ,https://partyperfect.com/itemimages/1273t.jpg,https://partyperfectcom/itemimages/1273-1.jpg,https://partyperfectcom/itemimages/2273-,CROWD_CONTROL_RENTALS
6' Red Velour Rope,$5.00 ,https://partyperfect.com/itemimages/1283t.jpg,https://partyperfectcom/itemimages/1283-1.jpg,https://partyperfectcom/itemimages/2283-,CROWD_CONTROL_RENTALS
6' Signature Event Fencing,$20.50 ,https://partyperfect.com/itemimages/1291t.jpg,https://partyperfectcom/itemimages/1291-1.jpg,https://partyperfectcom/itemimages/229,CROWD_CONTROL_RENTALS
"65"" Coat Rack Large W Wheels",$26.00 ,https://partyperfect.com/itemimages/1272t.jpg,https://partyperfectcom/itemimages/1272-1.jpg,https://partyperfectcom/itemimages/2272-,CROWD_CONTROL_RENTALS
8' Red Velour Rope,$7.00 ,https://partyperfect.com/itemimages/1282t.jpg,https://partyperfectcom/itemimages/1282-1.jpg,https://partyperfectcom/itemimages/2282-,CROWD_CONTROL_RENTALS
Chrome Porta Post,$11.50 ,https://partyperfect.com/itemimages/1279t.jpg,https://partyperfectcom/itemimages/1279-1.jpg,https://partyperfectcom/itemimages/2279-,CROWD_CONTROL_RENTALS
Large White Plastic Chain per ft.,$0.20 ,https://partyperfect.com/itemimages/1284t.jpg,https://partyperfectcom/itemimages/1284-1.jpg,https://partyperfectcom/itemimages/2284-,CROWD_CONTROL_RENTALS
Plastic Coat Hanger,$0.35 ,https://partyperfect.com/nan,,,CROWD_CONTROL_RENTALS
Small White Plastic Chain,$0.20 ,https://partyperfect.com/itemimages/8617t.jpg,https://partyperfectcom/itemimages/8617-1.jpg,https://partyperfectcom/itemimages/8627-,CROWD_CONTROL_RENTALS
White Plastic Porta Post,$3.00 ,https://partyperfect.com/itemimages/1280t.jpg,https://partyperfectcom/itemimages/1280-1.jpg,https://partyperfectcom/itemimages/2280-,CROWD_CONTROL_RENTALS
25' Red Carpet,$51.00 ,https://partyperfect.com/itemimages/3373t.jpg,https://partyperfectcom/itemimages/3373-1.jpg,https://partyperfectcom/itemimages/3373-2.jpg,EVENT_DECOR_RENTALS
"32"" Capital Top Column",$9.00 ,https://partyperfect.com/itemimages/1407t.jpg,https://partyperfectcom/itemimages/1407-1.jpg,https://partyperfectcom/itemimages/2407-,EVENT_DECOR_RENTALS
"40"" White Plastic Column",$12.00 ,https://partyperfect.com/itemimages/1426t.jpg,https://partyperfectcom/itemimages/1426-1.jpg,https://partyperfectcom/itemimages/2426-,EVENT_DECOR_RENTALS
"42"" White Plastic Column",$10.00 ,https://partyperfect.com/itemimages/1406t.jpg,https://partyperfectcom/itemimages/1406-1.jpg,https://partyperfectcom/itemimages/2406-,EVENT_DECOR_RENTALS
5' Wrought Iron Stand,$23.00 ,https://partyperfect.com/itemimages/1417t.jpg,https://partyperfectcom/itemimages/1417-1.jpg,https://partyperfectcom/itemimages/24,EVENT_DECOR_RENTALS
50' Red Carpet,$79.50 ,https://partyperfect.com/itemimages/3374t.jpg,https://partyperfectcom/itemimages/3374-1.jpg,https://partyperfectcom/itemimages/3374-2.jpg,EVENT_DECOR_RENTALS
"54"" White Capital Top Column",$12.00 ,https://partyperfect.com/itemimages/1409t.jpg,https://partyperfectcom/itemimages/1409-1.jpg,https://partyperfectcom/itemimages/2409-,EVENT_DECOR_RENTALS
5'X7' White Lattice Chuppah,$102.00 ,https://partyperfect.com/itemimages/1447t.jpg,https://partyperfectcom/itemimages/1447-1.jpg,https://partyperfectcom/itemimages/2447-,EVENT_DECOR_RENTALS
7' Wrought Iron Stand,$28.00 ,https://partyperfect.com/itemimages/1418t.jpg,https://partyperfectcom/itemimages/1418-1.jpg,https://partyperfectcom/itemimages/24,EVENT_DECOR_RENTALS
"72"" Capital Top Column",$10.00 ,https://partyperfect.com/itemimages/8942t.jpg,https://partyperfectcom/itemimages/8942-1.jpg,https://partyperfectcom/itemimages/8942-2.jpg,EVENT_DECOR_RENTALS
Black Pipe &amp; Drape,$46.50 ,https://partyperfect.com/itemimages/3403t.jpg,https://partyperfectcom/itemimages/3403-1.jpg,https://partyperfectcom/itemimages/3403-2.jpg,EVENT_DECOR_RENTALS
Black Shepherds Hook,$9.00 ,https://partyperfect.com/itemimages/1437t.jpg,https://partyperfectcom/itemimages/1437-1.jpg,https://partyperfectcom/itemimages/2437-,EVENT_DECOR_RENTALS
Carolina Arch Vinyl,$95.00 ,https://partyperfect.com/itemimages/9044t.jpg,https://partyperfectcom/itemimages/9044-1.jpg,https://partyperfectcom/itemimages/9044-2.jpg,EVENT_DECOR_RENTALS
Rosewood Arbor,$80.00 ,https://partyperfect.com/itemimages/9045t.jpg,https://partyperfectcom/itemimages/9045-1.jpg,https://partyperfectcom/itemimages/9045-2.jpg,EVENT_DECOR_RENTALS
Sky Puppet,$125.00 ,https://partyperfect.com/itemimages/1459t.jpg,https://partyperfectcom/itemimages/1459-1.jpg,https://partyperfectcom/itemimages/2459-,EVENT_DECOR_RENTALS
White Folding Screen,$20.50 ,https://partyperfect.com/itemimages/1281t.jpg,https://partyperfectcom/itemimages/1281-1.jpg,https://partyperfectcom/itemimages/228,EVENT_DECOR_RENTALS
White Plastic Balustrade,$20.00 ,https://partyperfect.com/itemimages/1423t.jpg,https://partyperfectcom/itemimages/1423-1.jpg,https://partyperfectcom/itemimages/2423-,EVENT_DECOR_RENTALS
White Wooden Arch,$85.00 ,https://partyperfect.com/itemimages/3317t.jpg,https://partyperfectcom/itemimages/3317-1.jpg,https://partyperfectcom/itemimages/3327-,EVENT_DECOR_RENTALS
Wine Barrels for wine barrel bar,$40.00 ,https://partyperfect.com/itemimages/8188t.jpg,https://partyperfectcom/itemimages/8188-1.jpg,https://partyperfectcom/itemimages/8288-,EVENT_DECOR_RENTALS
Wine Barrels latest style,$40.00 ,https://partyperfect.com/itemimages/9423t.jpg,https://partyperfectcom/itemimages/9423-1.jpg,https://partyperfectcom/itemimages/9423-2.jpg,EVENT_DECOR_RENTALS
Wrought Iron Arch,$79.00 ,https://partyperfect.com/itemimages/1419t.jpg,https://partyperfectcom/itemimages/1419-1.jpg,https://partyperfectcom/itemimages/24,EVENT_DECOR_RENTALS
DORIA FLATWARE, ,https://partyperfect.com/itemimages/8808t.jpg,https://partyperfectcom/itemimages/8808-1.jpg,https://partyperfectcom/itemimages/8808-2.jpg,FLATWARE_RENTALS
ELEGANCE FLATWARE, ,https://partyperfect.com/itemimages/8806t.jpg,https://partyperfectcom/itemimages/8806-1.jpg,https://partyperfectcom/itemimages/8806-2.jpg,FLATWARE_RENTALS
HAMMERED FLATWARE, ,https://partyperfect.com/itemimages/8809t.jpg,https://partyperfectcom/itemimages/8809-1.jpg,https://partyperfectcom/itemimages/8809-2.jpg,FLATWARE_RENTALS
PARKER GOLD FLATWARE, ,https://partyperfect.com/itemimages/8807t.jpg,https://partyperfectcom/itemimages/8807-1.jpg,https://partyperfectcom/itemimages/8807-2.jpg,FLATWARE_RENTALS
VOGUE FLATWARE, ,https://partyperfect.com/itemimages/8810t.jpg,https://partyperfectcom/itemimages/8810-1.jpg,https://partyperfectcom/itemimages/8820-,FLATWARE_RENTALS
"11"" Ornate Silver Serving Spoon",$3.57 ,https://partyperfect.com/itemimages/1511t.jpg,https://partyperfectcom/itemimages/1511-1.jpg,https://partyperfectcom/itemimages/25,FOOD_SERVICE_RENTALS
"11.5"" Silver Serving Fork",$4.20 ,https://partyperfect.com/itemimages/1512t.jpg,https://partyperfectcom/itemimages/1512-1.jpg,https://partyperfectcom/itemimages/25,FOOD_SERVICE_RENTALS
"11.5"" Stainless Serving Fork",$3.68 ,https://partyperfect.com/nan,,,FOOD_SERVICE_RENTALS
"11.5"" Stainless Serving Spoon",$3.68 ,https://partyperfect.com/itemimages/1487t.jpg,https://partyperfectcom/itemimages/1487-1.jpg,https://partyperfectcom/itemimages/2487-,FOOD_SERVICE_RENTALS
12 oz Ice Scoop,$0.97 ,https://partyperfect.com/itemimages/9036t.jpg,https://partyperfectcom/itemimages/9036-1.jpg,https://partyperfectcom/itemimages/9036-2.jpg,FOOD_SERVICE_RENTALS
"12"" Silver Spatula",$3.06 ,https://partyperfect.com/nan,,,FOOD_SERVICE_RENTALS
"12"" Stainless Tongs",$1.53 ,https://partyperfect.com/itemimages/1684t.jpg,https://partyperfectcom/itemimages/1684-1.jpg,https://partyperfectcom/itemimages/2684-,FOOD_SERVICE_RENTALS
"13"" Silver Serving Spoon",$3.68 ,https://partyperfect.com/nan,,,FOOD_SERVICE_RENTALS
"13"" Stainless Slotted Spoon",$3.68 ,https://partyperfect.com/itemimages/1489t.jpg,https://partyperfectcom/itemimages/1489-1.jpg,https://partyperfectcom/itemimages/2489-,FOOD_SERVICE_RENTALS
"16"" SS Tongs",$2.04 ,https://partyperfect.com/itemimages/8269t.jpg,https://partyperfectcom/itemimages/8269-1.jpg,https://partyperfectcom/itemimages/8269-2.jpg,FOOD_SERVICE_RENTALS
"20""X15"" Lucite Cutting Board",$7.14 ,https://partyperfect.com/itemimages/8829t.jpg,https://partyperfectcom/itemimages/8829-1.jpg,https://partyperfectcom/itemimages/8829-2.jpg,FOOD_SERVICE_RENTALS
"24""X18"" Lucite Cutting Board",$7.14 ,https://partyperfect.com/itemimages/8330t.jpg,https://partyperfectcom/itemimages/8330-1.jpg,https://partyperfectcom/itemimages/8330-2.jpg,FOOD_SERVICE_RENTALS
"7"" Silver Tongs",$2.10 ,https://partyperfect.com/itemimages/1041t.jpg,https://partyperfectcom/itemimages/1041-1.jpg,https://partyperfectcom/itemimages/204,FOOD_SERVICE_RENTALS
"7"" Stainless Tongs",$1.42 ,https://partyperfect.com/itemimages/8267t.jpg,https://partyperfectcom/itemimages/8267-1.jpg,https://partyperfectcom/itemimages/8267-2.jpg,FOOD_SERVICE_RENTALS
"8 1/2"" Stainless Serving Fork",$3.68 ,https://partyperfect.com/nan,,,FOOD_SERVICE_RENTALS
"8 3/4"" Stainless Serving Spoon",$3.68 ,https://partyperfect.com/itemimages/8265t.jpg,https://partyperfectcom/itemimages/8265-1.jpg,https://partyperfectcom/itemimages/8265-2.jpg,FOOD_SERVICE_RENTALS
"8"" Slotted Berry Spoon",$3.68 ,https://partyperfect.com/itemimages/1491t.jpg,https://partyperfectcom/itemimages/1491-1.jpg,https://partyperfectcom/itemimages/249,FOOD_SERVICE_RENTALS
"8"" Stainless Salad Pasta Tongs",$1.53 ,https://partyperfect.com/itemimages/8688t.jpg,https://partyperfectcom/itemimages/8688-1.jpg,https://partyperfectcom/itemimages/8688-2.jpg,FOOD_SERVICE_RENTALS
"8"" Stainless Serving Spoon",$3.68 ,https://partyperfect.com/itemimages/8749t.jpg,https://partyperfectcom/itemimages/8749-1.jpg,https://partyperfectcom/itemimages/8749-2.jpg,FOOD_SERVICE_RENTALS
"9"" Stainless Serving Fork",$3.68 ,https://partyperfect.com/itemimages/8793t.jpg,https://partyperfectcom/itemimages/8793-1.jpg,https://partyperfectcom/itemimages/8793-2.jpg,FOOD_SERVICE_RENTALS
"9"" Stainless Tongs",$1.53 ,https://partyperfect.com/itemimages/1685t.jpg,https://partyperfectcom/itemimages/1685-1.jpg,https://partyperfectcom/itemimages/2685-,FOOD_SERVICE_RENTALS
Black Handle Steak Knife Serrated,$1.00 ,https://partyperfect.com/itemimages/9316t.jpg,https://partyperfectcom/itemimages/9316-1.jpg,https://partyperfectcom/itemimages/9326-,FOOD_SERVICE_RENTALS
Fruit Skewer,$15.81 ,https://partyperfect.com/itemimages/1680t.jpg,https://partyperfectcom/itemimages/1680-1.jpg,https://partyperfectcom/itemimages/2680-,FOOD_SERVICE_RENTALS
Silver Gravy Ladle,$3.68 ,https://partyperfect.com/itemimages/1483t.jpg,https://partyperfectcom/itemimages/1483-1.jpg,https://partyperfectcom/itemimages/2483-,FOOD_SERVICE_RENTALS
Silver Pie Pastry Server,$3.68 ,https://partyperfect.com/itemimages/8795t.jpg,https://partyperfectcom/itemimages/8795-1.jpg,https://partyperfectcom/itemimages/8795-2.jpg,FOOD_SERVICE_RENTALS
Silver Salad Pasta Tongs,$3.06 ,https://partyperfect.com/itemimages/1687t.jpg,https://partyperfectcom/itemimages/1687-1.jpg,https://partyperfectcom/itemimages/2687-,FOOD_SERVICE_RENTALS
Silver Square Cake Server,$3.68 ,https://partyperfect.com/itemimages/9277t.jpg,https://partyperfectcom/itemimages/9277-1.jpg,https://partyperfectcom/itemimages/9277-2.jpg,FOOD_SERVICE_RENTALS
Silver Tongs Spatula Fork,$3.06 ,https://partyperfect.com/itemimages/1683t.jpg,https://partyperfectcom/itemimages/1683-1.jpg,https://partyperfectcom/itemimages/2683-,FOOD_SERVICE_RENTALS
Stainless Cake Knife,$5.10 ,https://partyperfect.com/nan,,,FOOD_SERVICE_RENTALS
Stainless Pie Pastry Server,$3.68 ,https://partyperfect.com/nan,,,FOOD_SERVICE_RENTALS
Connect Four,$45.00 ,https://partyperfect.com/itemimages/9182t.jpg,https://partyperfectcom/itemimages/9182-1.jpg,https://partyperfectcom/itemimages/9282-,FUN_GAMES_RENTALS
Corn Hole,$35.00 ,https://partyperfect.com/itemimages/8124t.jpg,https://partyperfectcom/itemimages/8124-1.jpg,https://partyperfectcom/itemimages/8224-,FUN_GAMES_RENTALS
Jenga,$35.00 ,https://partyperfect.com/itemimages/9183t.jpg,https://partyperfectcom/itemimages/9183-1.jpg,https://partyperfectcom/itemimages/9283-,FUN_GAMES_RENTALS
Raffle Drum,$35.00 ,https://partyperfect.com/itemimages/1541t.jpg,https://partyperfectcom/itemimages/1541-1.jpg,https://partyperfectcom/itemimages/254,FUN_GAMES_RENTALS
Black Sectional Arm Chair,$75.00 ,https://partyperfect.com/itemimages/1159t.jpg,https://partyperfectcom/itemimages/1159-1.jpg,https://partyperfectcom/itemimages/2,FURNITURE_RENTALS
Black Sectional Full Sofa,$173.00 ,https://partyperfect.com/itemimages/1139t.jpg,https://partyperfectcom/itemimages/1139-1.jpg,https://partyperfectcom/itemimages/2,FURNITURE_RENTALS
Black Sectional Love Seat,$124.00 ,https://partyperfect.com/itemimages/1140t.jpg,https://partyperfectcom/itemimages/1140-1.jpg,https://partyperfectcom/itemimages/2,FURNITURE_RENTALS
Black Sectional Ottoman,$31.00 ,https://partyperfect.com/itemimages/1157t.jpg,https://partyperfectcom/itemimages/1157-1.jpg,https://partyperfectcom/itemimages/2,FURNITURE_RENTALS
10 Oz Mondial Wine Glass,$0.59 ,https://partyperfect.com/itemimages/1543t.jpg,https://partyperfectcom/itemimages/1543-1.jpg,https://partyperfectcom/itemimages/2543-,GLASSWARE_RENTALS
10.5 Oz Highball Glass,$0.51 ,https://partyperfect.com/itemimages/1567t.jpg,https://partyperfectcom/itemimages/1567-1.jpg,https://partyperfectcom/itemimages/2567-,GLASSWARE_RENTALS
10.5 Oz Old Fashion Glass,$0.51 ,https://partyperfect.com/itemimages/1570t.jpg,https://partyperfectcom/itemimages/1570-1.jpg,https://partyperfectcom/itemimages/2570-,GLASSWARE_RENTALS
11 Oz Pilsner Glass,$0.54 ,https://partyperfect.com/itemimages/1575t.jpg,https://partyperfectcom/itemimages/1575-1.jpg,https://partyperfectcom/itemimages/2575-,GLASSWARE_RENTALS
11oz Mint Julep,$1.73 ,https://partyperfect.com/itemimages/1604t.jpg,https://partyperfectcom/itemimages/1604-1.jpg,https://partyperfectcom/itemimages/2604-,GLASSWARE_RENTALS
12 Oz Double Old Fashion Glass,$0.61 ,https://partyperfect.com/itemimages/1571t.jpg,https://partyperfectcom/itemimages/1571-1.jpg,https://partyperfectcom/itemimages/257,GLASSWARE_RENTALS
12 Oz Stemless Wine Glass,$0.55 ,https://partyperfect.com/itemimages/1603t.jpg,https://partyperfectcom/itemimages/1603-1.jpg,https://partyperfectcom/itemimages/2603-,GLASSWARE_RENTALS
13 Oz Mondial All Purpose Glass,$0.55 ,https://partyperfect.com/itemimages/1594t.jpg,https://partyperfectcom/itemimages/1594-1.jpg,https://partyperfectcom/itemimages/2594-,GLASSWARE_RENTALS
13 Oz Zombie Glass,$0.55 ,https://partyperfect.com/itemimages/1555t.jpg,https://partyperfectcom/itemimages/1555-1.jpg,https://partyperfectcom/itemimages/2555-,GLASSWARE_RENTALS
13.8 Oz Tritan Wine Glass,$0.68 ,https://partyperfect.com/itemimages/9315t.jpg,https://partyperfectcom/itemimages/9315-1.jpg,https://partyperfectcom/itemimages/9325-,GLASSWARE_RENTALS
14 Oz Mondial Wine Glass,$0.61 ,https://partyperfect.com/itemimages/7957t.jpg,https://partyperfectcom/itemimages/7957-1.jpg,https://partyperfectcom/itemimages/7957-2.jpg,GLASSWARE_RENTALS
15 Oz Tritan All Purpose Glass,$0.70 ,https://partyperfect.com/itemimages/9310t.jpg,https://partyperfectcom/itemimages/9310-1.jpg,https://partyperfectcom/itemimages/9320-,GLASSWARE_RENTALS
16 Oz Balloon Red Wine Glass,$0.68 ,https://partyperfect.com/itemimages/1593t.jpg,https://partyperfectcom/itemimages/1593-1.jpg,https://partyperfectcom/itemimages/2593-,GLASSWARE_RENTALS
16 Oz Libbey Ice Tea Glass,$0.57 ,https://partyperfect.com/itemimages/9260t.jpg,https://partyperfectcom/itemimages/9260-1.jpg,https://partyperfectcom/itemimages/9260-2.jpg,GLASSWARE_RENTALS
4 Oz Mini Martini Glass,$0.55 ,https://partyperfect.com/itemimages/1552t.jpg,https://partyperfectcom/itemimages/1552-1.jpg,https://partyperfectcom/itemimages/2552-,GLASSWARE_RENTALS
6.5 Oz Mondial Champagne Flute,$0.61 ,https://partyperfect.com/itemimages/1544t.jpg,https://partyperfectcom/itemimages/1544-1.jpg,https://partyperfectcom/itemimages/2544-,GLASSWARE_RENTALS
7 Oz Tritan Champagne Flute,$0.68 ,https://partyperfect.com/itemimages/9309t.jpg,https://partyperfectcom/itemimages/9309-1.jpg,https://partyperfectcom/itemimages/9309-2.jpg,GLASSWARE_RENTALS
8 Oz Mondial Martini Glass,$0.55 ,https://partyperfect.com/itemimages/1545t.jpg,https://partyperfectcom/itemimages/1545-1.jpg,https://partyperfectcom/itemimages/2545-,GLASSWARE_RENTALS
8.5 Oz Glass Irish Coffee Cup,$0.55 ,https://partyperfect.com/itemimages/1565t.jpg,https://partyperfectcom/itemimages/1565-1.jpg,https://partyperfectcom/itemimages/2565-,GLASSWARE_RENTALS
Glass Creamer,$3.15 ,https://partyperfect.com/itemimages/1563t.jpg,https://partyperfectcom/itemimages/1563-1.jpg,https://partyperfectcom/itemimages/2563-,GLASSWARE_RENTALS
Glass Sugar Bowl,$3.15 ,https://partyperfect.com/itemimages/1583t.jpg,https://partyperfectcom/itemimages/1583-1.jpg,https://partyperfectcom/itemimages/2583-,GLASSWARE_RENTALS
Glass Sugar Caddy,$3.15 ,https://partyperfect.com/itemimages/1584t.jpg,https://partyperfectcom/itemimages/1584-1.jpg,https://partyperfectcom/itemimages/2584-,GLASSWARE_RENTALS
Glass Wine Decanter,$1.52 ,https://partyperfect.com/itemimages/1596t.jpg,https://partyperfectcom/itemimages/1596-1.jpg,https://partyperfectcom/itemimages/2596-,GLASSWARE_RENTALS
Large Slender Salt And Pepper Set,$2.05 ,https://partyperfect.com/itemimages/1579t.jpg,https://partyperfectcom/itemimages/1579-1.jpg,https://partyperfectcom/itemimages/2579-,GLASSWARE_RENTALS
Oil and Vinegar Bottle,$1.95 ,https://partyperfect.com/itemimages/8275t.jpg,https://partyperfectcom/itemimages/8275-1.jpg,https://partyperfectcom/itemimages/8275-2.jpg,GLASSWARE_RENTALS
Punch Cup Glass,$0.53 ,https://partyperfect.com/itemimages/1038t.jpg,https://partyperfectcom/itemimages/1038-1.jpg,https://partyperfectcom/itemimages/2038-,GLASSWARE_RENTALS
Shot Glass,$0.47 ,https://partyperfect.com/itemimages/1551t.jpg,https://partyperfectcom/itemimages/1551-1.jpg,https://partyperfectcom/itemimages/255,GLASSWARE_RENTALS
Small Salt And Pepper Set,$2.05 ,https://partyperfect.com/itemimages/1580t.jpg,https://partyperfectcom/itemimages/1580-1.jpg,https://partyperfectcom/itemimages/2580-,GLASSWARE_RENTALS
Stemless Mini Martini Glass,$0.55 ,https://partyperfect.com/itemimages/1554t.jpg,https://partyperfectcom/itemimages/1554-1.jpg,https://partyperfectcom/itemimages/2554-,GLASSWARE_RENTALS
Stemless Mini Martini Glass Orange Base,$0.63 ,https://partyperfect.com/itemimages/1562t.jpg,https://partyperfectcom/itemimages/1562-1.jpg,https://partyperfectcom/itemimages/2562-,GLASSWARE_RENTALS
"12"" Tent Fan",$39.50 ,https://partyperfect.com/itemimages/2656t.jpg,https://partyperfectcom/itemimages/2656-1.jpg,https://partyperfectcom/itemimages/2656-2.jpg,HEATING_COOLING_RENTALS
Generator 6500 watt,$95.00 ,https://partyperfect.com/itemimages/3361t.jpg,https://partyperfectcom/itemimages/3361-1.jpg,https://partyperfectcom/itemimages/3362-,HEATING_COOLING_RENTALS
Propane Patio Heater,$82.50 ,https://partyperfect.com/itemimages/1613t.jpg,https://partyperfectcom/itemimages/1613-1.jpg,https://partyperfectcom/itemimages/26,HEATING_COOLING_RENTALS
"Propane Tent Heater 170,000 BTU",$153.00 ,https://partyperfect.com/itemimages/1611t.jpg,https://partyperfectcom/itemimages/1611-1.jpg,https://partyperfectcom/itemimages/26,HEATING_COOLING_RENTALS
"Propane Tent Heater 80,000 BTU",$90.50 ,https://partyperfect.com/itemimages/1612t.jpg,https://partyperfectcom/itemimages/1612-1.jpg,https://partyperfectcom/itemimages/26,HEATING_COOLING_RENTALS
"18""X30"" Propane Grill W/ Stand",$147.30 ,https://partyperfect.com/itemimages/1088t.jpg,https://partyperfectcom/itemimages/1088-1.jpg,https://partyperfectcom/itemimages/2088-,GRILLS_OVENS_RENTALS
2'X3' Charcoal Grill,$56.70 ,https://partyperfect.com/itemimages/1084t.jpg,https://partyperfectcom/itemimages/1084-1.jpg,https://partyperfectcom/itemimages/2084-,GRILLS_OVENS_RENTALS
2'X5' Charcoal Grill,$70.00 ,https://partyperfect.com/itemimages/1085t.jpg,https://partyperfectcom/itemimages/1085-1.jpg,https://partyperfectcom/itemimages/2085-,GRILLS_OVENS_RENTALS
2'X5' Propane Deluxe Grill,$185.40 ,https://partyperfect.com/itemimages/1090t.jpg,https://partyperfectcom/itemimages/1090-1.jpg,https://partyperfectcom/itemimages/2090-,GRILLS_OVENS_RENTALS
Convection Oven,$102.00 ,https://partyperfect.com/itemimages/1631t.jpg,https://partyperfectcom/itemimages/1631-1.jpg,https://partyperfectcom/itemimages/263,GRILLS_OVENS_RENTALS
Deluxe Grill Griddle,$25.80 ,https://partyperfect.com/itemimages/1093t.jpg,https://partyperfectcom/itemimages/1093-1.jpg,https://partyperfectcom/itemimages/2093-,GRILLS_OVENS_RENTALS
Deluxe Grill Steamer,$20.60 ,https://partyperfect.com/itemimages/1091t.jpg,https://partyperfectcom/itemimages/1091-1.jpg,https://partyperfectcom/itemimages/209,GRILLS_OVENS_RENTALS
Griddle Top For Grill Or Range,$10.30 ,https://partyperfect.com/itemimages/1089t.jpg,https://partyperfectcom/itemimages/1089-1.jpg,https://partyperfectcom/itemimages/2089-,GRILLS_OVENS_RENTALS
Propane Oven Stove 4 Burner,$206.00 ,https://partyperfect.com/itemimages/1630t.jpg,https://partyperfectcom/itemimages/1630-1.jpg,https://partyperfectcom/itemimages/2630-,GRILLS_OVENS_RENTALS
Propane Oven Stove 6 Burner,$216.50 ,https://partyperfect.com/itemimages/8346t.jpg,https://partyperfectcom/itemimages/8346-1.jpg,https://partyperfectcom/itemimages/8346-2.jpg,GRILLS_OVENS_RENTALS
Rechaud Butane Burner,$18.50 ,https://partyperfect.com/itemimages/1633t.jpg,https://partyperfectcom/itemimages/1633-1.jpg,https://partyperfectcom/itemimages/2633-,GRILLS_OVENS_RENTALS
Stock Pot Propane Cooker,$32.50 ,https://partyperfect.com/itemimages/1086t.jpg,https://partyperfectcom/itemimages/1086-1.jpg,https://partyperfectcom/itemimages/2086-,GRILLS_OVENS_RENTALS
6' Rec Children's Table blue plastic,$9.00 ,https://partyperfect.com/itemimages/2580t.jpg,https://partyperfectcom/itemimages/2580-1.jpg,https://partyperfectcom/itemimages/2580-2.jpg,KIDS_TABLES_CHAIRS_RENTALS
8' Rectangular Children's Table,$9.50 ,https://partyperfect.com/nan,,,KIDS_TABLES_CHAIRS_RENTALS
Baby Booster Seat,$11.30 ,https://partyperfect.com/itemimages/1080t.jpg,https://partyperfectcom/itemimages/1080-1.jpg,https://partyperfectcom/itemimages/2080-,KIDS_TABLES_CHAIRS_RENTALS
Baby Hi-Chair,$16.50 ,https://partyperfect.com/itemimages/1079t.jpg,https://partyperfectcom/itemimages/1079-1.jpg,https://partyperfectcom/itemimages/2079-,KIDS_TABLES_CHAIRS_RENTALS
Children's Blue Folding Chair,$2.30 ,https://partyperfect.com/itemimages/1171t.jpg,https://partyperfectcom/itemimages/1171-1.jpg,https://partyperfectcom/itemimages/2,KIDS_TABLES_CHAIRS_RENTALS
Children's Stackable Blue Chair,$2.30 ,https://partyperfect.com/itemimages/1173t.jpg,https://partyperfectcom/itemimages/1173-1.jpg,https://partyperfectcom/itemimages/2,KIDS_TABLES_CHAIRS_RENTALS
Children's Stackable Yellow Chair,$2.30 ,https://partyperfect.com/itemimages/1174t.jpg,https://partyperfectcom/itemimages/1174-1.jpg,https://partyperfectcom/itemimages/2,KIDS_TABLES_CHAIRS_RENTALS
Children's Yellow Folding Chair,$2.30 ,https://partyperfect.com/itemimages/1172t.jpg,https://partyperfectcom/itemimages/1172-1.jpg,https://partyperfectcom/itemimages/2,KIDS_TABLES_CHAIRS_RENTALS
"12"" Japanese Lantern",$12.00 ,https://partyperfect.com/itemimages/1412t.jpg,https://partyperfectcom/itemimages/1412-1.jpg,https://partyperfectcom/itemimages/24,LIGHTING_RENTALS
1500 Watt Dimmer Rheostat,$32.50 ,https://partyperfect.com/itemimages/3335t.jpg,https://partyperfectcom/itemimages/3335-1.jpg,https://partyperfectcom/itemimages/3335-2.jpg,LIGHTING_RENTALS
24' Strand of Edison Lights,$42.00 ,https://partyperfect.com/itemimages/8576t.jpg,https://partyperfectcom/itemimages/8576-1.jpg,https://partyperfectcom/itemimages/8576-2.jpg,LIGHTING_RENTALS
"24"" Japanese Lantern",$29.50 ,https://partyperfect.com/itemimages/1429t.jpg,https://partyperfectcom/itemimages/1429-1.jpg,https://partyperfectcom/itemimages/2429-,LIGHTING_RENTALS
80' Strand of Globe Lights,$73.50 ,https://partyperfect.com/itemimages/1456t.jpg,https://partyperfectcom/itemimages/1456-1.jpg,https://partyperfectcom/itemimages/2456-,LIGHTING_RENTALS
Black Bistro Lights Per Foot,$1.75 ,https://partyperfect.com/itemimages/3425t.jpg,https://partyperfectcom/itemimages/3425-1.jpg,https://partyperfectcom/itemimages/3425-2.jpg,LIGHTING_RENTALS
C7 String Lights Per Foot,$1.75 ,https://partyperfect.com/itemimages/3339t.jpg,https://partyperfectcom/itemimages/3339-1.jpg,https://partyperfectcom/itemimages/3339-2.jpg,LIGHTING_RENTALS
Flat Par LED Light,$42.00 ,https://partyperfect.com/itemimages/8062t.jpg,https://partyperfectcom/itemimages/8062-1.jpg,https://partyperfectcom/itemimages/8062-2.jpg,LIGHTING_RENTALS
Jellyfish LED Light,$36.00 ,https://partyperfect.com/itemimages/8060t.jpg,https://partyperfectcom/itemimages/8060-1.jpg,https://partyperfectcom/itemimages/8060-2.jpg,LIGHTING_RENTALS
LED Bar Light RGB,$34.00 ,https://partyperfect.com/itemimages/1462t.jpg,https://partyperfectcom/itemimages/1462-1.jpg,https://partyperfectcom/itemimages/2462-,LIGHTING_RENTALS
Par 64 Led Light,$53.50 ,https://partyperfect.com/itemimages/3194t.jpg,https://partyperfectcom/itemimages/3194-1.jpg,https://partyperfectcom/itemimages/3294-,LIGHTING_RENTALS
RGBA LED Go Bar Light,$36.00 ,https://partyperfect.com/itemimages/8058t.jpg,https://partyperfectcom/itemimages/8058-1.jpg,https://partyperfectcom/itemimages/8058-2.jpg,LIGHTING_RENTALS
Single Light Fixture,$19.00 ,https://partyperfect.com/itemimages/3349t.jpg,https://partyperfectcom/itemimages/3349-1.jpg,https://partyperfectcom/itemimages/3349-2.jpg,LIGHTING_RENTALS
White Bistro Lights Per Foot,$1.75 ,https://partyperfect.com/nan,,,LIGHTING_RENTALS
"108"" Round Camel Poly",$14.20 ,https://partyperfect.com/nan,,,LINEN RENTALS
"108"" Round Lt. Pink Velvel",$30.00 ,https://partyperfect.com/nan,,,LINEN RENTALS
"12""x108"" Gold Glimmer Runner",$12.20 ,https://partyperfect.com/itemimages/8997t.jpg,https://partyperfectcom/itemimages/8997-1.jpg,https://partyperfectcom/itemimages/8997-2.jpg,LINEN RENTALS
"120"" Buttercup on White Big Connec. Poly",$33.40 ,https://partyperfect.com/itemimages/8985t.jpg,https://partyperfectcom/itemimages/8985-1.jpg,https://partyperfectcom/itemimages/8985-2.jpg,LINEN RENTALS
"120"" Round Black on Ivory Big Dot Poly",$33.40 ,https://partyperfect.com/itemimages/8986t.jpg,https://partyperfectcom/itemimages/8986-1.jpg,https://partyperfectcom/itemimages/8986-2.jpg,LINEN RENTALS
"120"" Round Blue Axis Spa Poly",$33.40 ,https://partyperfect.com/itemimages/8984t.jpg,https://partyperfectcom/itemimages/8984-1.jpg,https://partyperfectcom/itemimages/8984-2.jpg,LINEN RENTALS
"120"" Round Clay Royal Club Poly",$33.40 ,https://partyperfect.com/itemimages/8993t.jpg,https://partyperfectcom/itemimages/8993-1.jpg,https://partyperfectcom/itemimages/8993-2.jpg,LINEN RENTALS
"120"" Round Coral Matte Satin",$22.20 ,https://partyperfect.com/nan,,,LINEN RENTALS
"120"" Round Elisa Poly",$33.40 ,https://partyperfect.com/itemimages/8989t.jpg,https://partyperfectcom/itemimages/8989-1.jpg,https://partyperfectcom/itemimages/8989-2.jpg,LINEN RENTALS
"120"" Round Ivory Panama",$22.20 ,https://partyperfect.com/nan,,,LINEN RENTALS
"120"" Round Jewel Retro Cirque",$33.40 ,https://partyperfect.com/itemimages/9003t.jpg,https://partyperfectcom/itemimages/9003-1.jpg,https://partyperfectcom/itemimages/9003-2.jpg,LINEN RENTALS
"120"" Round Lagoon Poly",$16.60 ,https://partyperfect.com/nan,,,LINEN RENTALS
"120"" Round Lavender Glacial Chuck",$33.40 ,https://partyperfect.com/itemimages/9006t.jpg,https://partyperfectcom/itemimages/9006-1.jpg,https://partyperfectcom/itemimages/9006-2.jpg,LINEN RENTALS
"120"" Round Lorena Poly",$33.40 ,https://partyperfect.com/itemimages/8988t.jpg,https://partyperfectcom/itemimages/8988-1.jpg,https://partyperfectcom/itemimages/8988-2.jpg,LINEN RENTALS
"120"" Round Mauve Matte",$22.20 ,https://partyperfect.com/nan,,,LINEN RENTALS
"120"" Round Natural Silo Hottie",$33.40 ,https://partyperfect.com/itemimages/9004t.jpg,https://partyperfectcom/itemimages/9004-1.jpg,https://partyperfectcom/itemimages/9004-2.jpg,LINEN RENTALS
"120"" Round Navy on White Honey Comb Poly",$33.40 ,https://partyperfect.com/itemimages/8982t.jpg,https://partyperfectcom/itemimages/8982-1.jpg,https://partyperfectcom/itemimages/8982-2.jpg,LINEN RENTALS
"120"" Round Pink Awning Stripe Poly",$33.40 ,https://partyperfect.com/itemimages/8983t.jpg,https://partyperfectcom/itemimages/8983-1.jpg,https://partyperfectcom/itemimages/8983-2.jpg,LINEN RENTALS
"120"" Round Pink Whisker",$33.40 ,https://partyperfect.com/itemimages/9005t.jpg,https://partyperfectcom/itemimages/9005-1.jpg,https://partyperfectcom/itemimages/9005-2.jpg,LINEN RENTALS
"120"" Round Purple Just Dandy",$33.40 ,https://partyperfect.com/itemimages/9007t.jpg,https://partyperfectcom/itemimages/9007-1.jpg,https://partyperfectcom/itemimages/9007-2.jpg,LINEN RENTALS
"120"" Round Red Liz Linen",$33.40 ,https://partyperfect.com/itemimages/9001t.jpg,https://partyperfectcom/itemimages/9001-1.jpg,https://partyperfectcom/itemimages/9002-,LINEN RENTALS
"120"" Round Spearmint Ikat Poly",$33.40 ,https://partyperfect.com/itemimages/8991t.jpg,https://partyperfectcom/itemimages/8991-1.jpg,https://partyperfectcom/itemimages/8992-,LINEN RENTALS
"120"" Round Yellow Liberty Key",$33.40 ,https://partyperfect.com/itemimages/9000t.jpg,https://partyperfectcom/itemimages/9000-1.jpg,https://partyperfectcom/itemimages/9000-2.jpg,LINEN RENTALS
"13""x108"" Lagoon Poly Runner",$7.00 ,https://partyperfect.com/nan,,,LINEN RENTALS
"132"" Round Blush Brickhouse",$60.60 ,https://partyperfect.com/itemimages/9008t.jpg,https://partyperfectcom/itemimages/9008-1.jpg,https://partyperfectcom/itemimages/9008-2.jpg,LINEN RENTALS
"132"" Round Coral Matte",$24.00 ,https://partyperfect.com/nan,,,LINEN RENTALS
"132"" Round Green on Blush Frond Poly",$36.40 ,https://partyperfect.com/itemimages/8990t.jpg,https://partyperfectcom/itemimages/8990-1.jpg,https://partyperfectcom/itemimages/8990-2.jpg,LINEN RENTALS
"132"" Round Orange My Party",$36.40 ,https://partyperfect.com/itemimages/9002t.jpg,https://partyperfectcom/itemimages/9002-1.jpg,https://partyperfectcom/itemimages/9002-2.jpg,LINEN RENTALS
"132"" Round Portofino Black/White Poly",$36.40 ,https://partyperfect.com/itemimages/8992t.jpg,https://partyperfectcom/itemimages/8992-1.jpg,https://partyperfectcom/itemimages/8992-2.jpg,LINEN RENTALS
"15""x108"" Natural Rattan Runner",$10.20 ,https://partyperfect.com/nan,,,LINEN RENTALS
"20""x20"" Dusty Rose Poly Napkin",$0.60 ,https://partyperfect.com/nan,,,LINEN RENTALS
"20""x20"" Fruit Punch Poly Napkin",$0.60 ,https://partyperfect.com/nan,,,LINEN RENTALS
"20""x20"" Lilac Majestic Napkin",$1.60 ,https://partyperfect.com/nan,,,LINEN RENTALS
"20""X20"" Lt. Pink Majestic Napkin",$1.60 ,https://partyperfect.com/nan,,,LINEN RENTALS
"20""x20"" Ruby Matte Satin Napkin",$1.60 ,https://partyperfect.com/nan,,,LINEN RENTALS
"20""x20"" Ruby Poly Napkin",$0.60 ,https://partyperfect.com/nan,,,LINEN RENTALS
"30"" Round White Cocktail Spandex",$24.20 ,https://partyperfect.com/itemimages/8527t.jpg,https://partyperfectcom/itemimages/8527-1.jpg,https://partyperfectcom/itemimages/8527-2.jpg,LINEN RENTALS
"30""X96"" Tables Felt Pads",$8.40 ,https://partyperfect.com/nan,,,LINEN RENTALS
"4""x108"" Coral Matte Sash",$3.80 ,https://partyperfect.com/nan,,,LINEN RENTALS
"45""x111"" Tables Felt Pads",$10.50 ,https://partyperfect.com/nan,,,LINEN RENTALS
"60"" Round Tables Felt Pads",$10.30 ,https://partyperfect.com/nan,,,LINEN RENTALS
"75"" Round Tables Felt Pads",$11.70 ,https://partyperfect.com/nan,,,LINEN RENTALS
"90""X132"" Burnt Orange Poly",$16.20 ,https://partyperfect.com/nan,,,LINEN RENTALS
"90""x132"" Gold Glimmer",$60.00 ,https://partyperfect.com/nan,,,LINEN RENTALS
"90""X132"" Olive Poly",$16.20 ,https://partyperfect.com/nan,,,LINEN RENTALS
"90""X132"" Powder Blue Poly",$16.20 ,https://partyperfect.com/nan,,,LINEN RENTALS
"90""X156"" Camel Matte Satin",$35.40 ,https://partyperfect.com/nan,,,LINEN RENTALS
"90""x156"" Lagoon Poly",$18.20 ,https://partyperfect.com/nan,,,LINEN RENTALS
"90'x132"" Periwinkle Poly",$16.20 ,https://partyperfect.com/nan,,,LINEN RENTALS
"96"" Round Coral Matte",$18.20 ,https://partyperfect.com/nan,,,LINEN RENTALS
BENGALINE MOIR, ,https://partyperfect.com/itemimages/9031t.jpg,https://partyperfectcom/itemimages/9031-1.jpg,https://partyperfectcom/itemimages/9032-,LINEN RENTALS
Black Serpentine Fitted Poly,$25.20 ,https://partyperfect.com/itemimages/8972t.jpg,https://partyperfectcom/itemimages/8972-1.jpg,https://partyperfectcom/itemimages/8972-2.jpg,LINEN RENTALS
CABANA, ,https://partyperfect.com/itemimages/9034t.jpg,https://partyperfectcom/itemimages/9034-1.jpg,https://partyperfectcom/itemimages/9034-2.jpg,LINEN RENTALS
CHEVRON, ,https://partyperfect.com/itemimages/9014t.jpg,https://partyperfectcom/itemimages/9014-1.jpg,https://partyperfectcom/itemimages/9024-,LINEN RENTALS
CIRCLE TAFFETA, ,https://partyperfect.com/itemimages/9037t.jpg,https://partyperfectcom/itemimages/9037-1.jpg,https://partyperfectcom/itemimages/9037-2.jpg,LINEN RENTALS
Cushion Cover Package, ,https://partyperfect.com/itemimages/9176t.jpg,https://partyperfectcom/itemimages/9176-1.jpg,https://partyperfectcom/itemimages/9276-,LINEN RENTALS
EXTREME CRUSH, ,https://partyperfect.com/itemimages/9025t.jpg,https://partyperfectcom/itemimages/9025-1.jpg,https://partyperfectcom/itemimages/9025-2.jpg,LINEN RENTALS
FAUX BURLAP, ,https://partyperfect.com/itemimages/9027t.jpg,https://partyperfectcom/itemimages/9027-1.jpg,https://partyperfectcom/itemimages/9027-2.jpg,LINEN RENTALS
GLIMMER, ,https://partyperfect.com/itemimages/9019t.jpg,https://partyperfectcom/itemimages/9019-1.jpg,https://partyperfectcom/itemimages/9029-,LINEN RENTALS
IRIDESCENT CRUSH, ,https://partyperfect.com/itemimages/9020t.jpg,https://partyperfectcom/itemimages/9020-1.jpg,https://partyperfectcom/itemimages/9020-2.jpg,LINEN RENTALS
KALEIDOSCOPE, ,https://partyperfect.com/itemimages/9035t.jpg,https://partyperfectcom/itemimages/9035-1.jpg,https://partyperfectcom/itemimages/9035-2.jpg,LINEN RENTALS
KRINKLE, ,https://partyperfect.com/itemimages/9028t.jpg,https://partyperfectcom/itemimages/9028-1.jpg,https://partyperfectcom/itemimages/9028-2.jpg,LINEN RENTALS
MAJESTIC,,https://partyperfect.com/itemimages/9016t.jpg,https://partyperfectcom/itemimages/9016-1.jpg,https://partyperfectcom/itemimages/9026-,LINEN RENTALS
MATTE SATIN,,https://partyperfect.com/itemimages/9018t.jpg,https://partyperfectcom/itemimages/9018-1.jpg,https://partyperfectcom/itemimages/9028-,LINEN RENTALS
METALLIC SCROLL,,https://partyperfect.com/itemimages/9033t.jpg,https://partyperfectcom/itemimages/9033-1.jpg,https://partyperfectcom/itemimages/9033-2.jpg,LINEN RENTALS
MONDRIAN,,https://partyperfect.com/itemimages/9038t.jpg,https://partyperfectcom/itemimages/9038-1.jpg,https://partyperfectcom/itemimages/9038-2.jpg,LINEN RENTALS
PANAMA,,https://partyperfect.com/itemimages/9030t.jpg,https://partyperfectcom/itemimages/9030-1.jpg,https://partyperfectcom/itemimages/9030-2.jpg,LINEN RENTALS
PINTUCK,,https://partyperfect.com/itemimages/9032t.jpg,https://partyperfectcom/itemimages/9032-1.jpg,https://partyperfectcom/itemimages/9032-2.jpg,LINEN RENTALS
POLYESTER SOLIDS,,https://partyperfect.com/itemimages/9017t.jpg,https://partyperfectcom/itemimages/9017-1.jpg,https://partyperfectcom/itemimages/9027-,LINEN RENTALS
SEQUINS,,https://partyperfect.com/itemimages/9040t.jpg,https://partyperfectcom/itemimages/9040-1.jpg,https://partyperfectcom/itemimages/9040-2.jpg,LINEN RENTALS
SUPERNOVA,,https://partyperfect.com/itemimages/9026t.jpg,https://partyperfectcom/itemimages/9026-1.jpg,https://partyperfectcom/itemimages/9026-2.jpg,LINEN RENTALS
VELVET,,https://partyperfect.com/itemimages/9021t.jpg,https://partyperfectcom/itemimages/9021-1.jpg,https://partyperfectcom/itemimages/9022-,LINEN RENTALS
Black Astroturf,$0.55 ,https://partyperfect.com/itemimages/2544t.jpg,https://partyperfectcom/itemimages/2544-1.jpg,https://partyperfectcom/itemimages/2544-2.jpg,STAGING & FLOORING RENTALS
Cherry Plank Dance Floor, ,https://partyperfect.com/itemimages/8846t.jpg,https://partyperfectcom/itemimages/8846-1.jpg,https://partyperfectcom/itemimages/8846-2.jpg,STAGING & FLOORING RENTALS
Drop Ramp Cover For Cords,$15.00 ,https://partyperfect.com/itemimages/9424t.jpg,https://partyperfectcom/itemimages/9424-1.jpg,https://partyperfectcom/itemimages/9424-2.jpg,STAGING & FLOORING RENTALS
Green Astroturf,$0.55 ,https://partyperfect.com/itemimages/2543t.jpg,https://partyperfectcom/itemimages/2543-1.jpg,https://partyperfectcom/itemimages/2543-2.jpg,STAGING & FLOORING RENTALS
Staging Parts, ,https://partyperfect.com/itemimages/8839t.jpg,https://partyperfectcom/itemimages/8839-1.jpg,https://partyperfectcom/itemimages/8839-2.jpg,STAGING & FLOORING RENTALS
Ultra Deck Sub-Flooring,$1.10 ,https://partyperfect.com/itemimages/2529t.jpg,https://partyperfectcom/itemimages/2529-1.jpg,https://partyperfectcom/itemimages/2529-2.jpg,STAGING & FLOORING RENTALS
White Dance Floor, ,https://partyperfect.com/itemimages/8847t.jpg,https://partyperfectcom/itemimages/8847-1.jpg,https://partyperfectcom/itemimages/8847-2.jpg,STAGING & FLOORING RENTALS
2' Lighted Cocktail Table,$41.00 ,https://partyperfect.com/itemimages/2572t.jpg,https://partyperfectcom/itemimages/2572-1.jpg,https://partyperfectcom/itemimages/2572-2.jpg,TABLE_RENTALS
2' Round Cafe Table Short,$10.00 ,https://partyperfect.com/itemimages/8093t.jpg,https://partyperfectcom/itemimages/8093-1.jpg,https://partyperfectcom/itemimages/8093-2.jpg,TABLE_RENTALS
2' Round Cocktail Table,$10.60 ,https://partyperfect.com/itemimages/8092t.jpg,https://partyperfectcom/itemimages/8092-1.jpg,https://partyperfectcom/itemimages/8092-2.jpg,TABLE_RENTALS
2' Square Cafe Table Short,$10.00 ,https://partyperfect.com/itemimages/8352t.jpg,https://partyperfectcom/itemimages/8352-1.jpg,https://partyperfectcom/itemimages/8352-2.jpg,TABLE_RENTALS
2' Square Cocktail Table,$10.50 ,https://partyperfect.com/itemimages/8353t.jpg,https://partyperfectcom/itemimages/8353-1.jpg,https://partyperfectcom/itemimages/8353-2.jpg,TABLE_RENTALS
3' Round Table,$7.65 ,https://partyperfect.com/itemimages/2559t.jpg,https://partyperfectcom/itemimages/2559-1.jpg,https://partyperfectcom/itemimages/2559-2.jpg,TABLE_RENTALS
"30"" Round Cafe Table Short",$10.50 ,https://partyperfect.com/itemimages/8343t.jpg,https://partyperfectcom/itemimages/8343-1.jpg,https://partyperfectcom/itemimages/8343-2.jpg,TABLE_RENTALS
"30"" Round Cocktail Table",$10.85 ,https://partyperfect.com/itemimages/8078t.jpg,https://partyperfectcom/itemimages/8078-1.jpg,https://partyperfectcom/itemimages/8078-2.jpg,TABLE_RENTALS
4' Rectangular Table,$7.00 ,https://partyperfect.com/itemimages/2570t.jpg,https://partyperfectcom/itemimages/2570-1.jpg,https://partyperfectcom/itemimages/2570-2.jpg,TABLE_RENTALS
4' Round Table,$8.25 ,https://partyperfect.com/itemimages/2560t.jpg,https://partyperfectcom/itemimages/2560-1.jpg,https://partyperfectcom/itemimages/2560-2.jpg,TABLE_RENTALS
4' Round Table W/ Wheels,$9.00 ,https://partyperfect.com/itemimages/2564t.jpg,https://partyperfectcom/itemimages/2564-1.jpg,https://partyperfectcom/itemimages/2564-2.jpg,TABLE_RENTALS
4' Square Table,$9.50 ,https://partyperfect.com/itemimages/2566t.jpg,https://partyperfectcom/itemimages/2566-1.jpg,https://partyperfectcom/itemimages/2566-2.jpg,TABLE_RENTALS
5' Round Table,$10.65 ,https://partyperfect.com/itemimages/2561t.jpg,https://partyperfectcom/itemimages/2561-1.jpg,https://partyperfectcom/itemimages/2562-,TABLE_RENTALS
5' Square Table,$12.50 ,https://partyperfect.com/itemimages/2567t.jpg,https://partyperfectcom/itemimages/2567-1.jpg,https://partyperfectcom/itemimages/2567-2.jpg,TABLE_RENTALS
5.5' Round Table,$14.50 ,https://partyperfect.com/itemimages/2556t.jpg,https://partyperfectcom/itemimages/2556-1.jpg,https://partyperfectcom/itemimages/2556-2.jpg,TABLE_RENTALS
6' Rectangular Table,$8.50 ,https://partyperfect.com/itemimages/2577t.jpg,https://partyperfectcom/itemimages/2577-1.jpg,https://partyperfectcom/itemimages/2577-2.jpg,TABLE_RENTALS
6' Round Table,$15.00 ,https://partyperfect.com/itemimages/2562t.jpg,https://partyperfectcom/itemimages/2562-1.jpg,https://partyperfectcom/itemimages/2562-2.jpg,TABLE_RENTALS
6' Timberwood Riser,$15.00 ,https://partyperfect.com/itemimages/9267t.jpg,https://partyperfectcom/itemimages/9267-1.jpg,https://partyperfectcom/itemimages/9267-2.jpg,TABLE_RENTALS
"6' x 18"" Aluminum Classroom Table",$11.50 ,https://partyperfect.com/itemimages/8079t.jpg,https://partyperfectcom/itemimages/8079-1.jpg,https://partyperfectcom/itemimages/8079-2.jpg,TABLE_RENTALS
"6' X 18"" Classroom Table Wood",$8.00 ,https://partyperfect.com/itemimages/2573t.jpg,https://partyperfectcom/itemimages/2573-1.jpg,https://partyperfectcom/itemimages/2573-2.jpg,TABLE_RENTALS
8' Half Round Table,$14.50 ,https://partyperfect.com/itemimages/2569t.jpg,https://partyperfectcom/itemimages/2569-1.jpg,https://partyperfectcom/itemimages/2569-2.jpg,TABLE_RENTALS
8' Rectangular Table,$9.00 ,https://partyperfect.com/itemimages/2578t.jpg,https://partyperfectcom/itemimages/2578-1.jpg,https://partyperfectcom/itemimages/2578-2.jpg,TABLE_RENTALS
8' Serpentine Table,$12.50 ,https://partyperfect.com/itemimages/2583t.jpg,https://partyperfectcom/itemimages/2583-1.jpg,https://partyperfectcom/itemimages/2583-2.jpg,TABLE_RENTALS
"8' x 18"" Aluminum Classroom Table",$12.50 ,https://partyperfect.com/itemimages/8080t.jpg,https://partyperfectcom/itemimages/8080-1.jpg,https://partyperfectcom/itemimages/8080-2.jpg,TABLE_RENTALS
"8' X 18"" Classroom Table Wood",$10.00 ,https://partyperfect.com/itemimages/2574t.jpg,https://partyperfectcom/itemimages/2574-1.jpg,https://partyperfectcom/itemimages/2574-2.jpg,TABLE_RENTALS
Bridge Table,$6.00 ,https://partyperfect.com/itemimages/2581t.jpg,https://partyperfectcom/itemimages/2581-1.jpg,https://partyperfectcom/itemimages/2582-,TABLE_RENTALS
Farm Table,$79.50 ,https://partyperfect.com/itemimages/2602t.jpg,https://partyperfectcom/itemimages/2602-1.jpg,https://partyperfectcom/itemimages/2602-2.jpg,TABLE_RENTALS
Farm Table Bench Timberwood,$35.00 ,https://partyperfect.com/itemimages/9266t.jpg,https://partyperfectcom/itemimages/9266-1.jpg,https://partyperfectcom/itemimages/9266-2.jpg,TABLE_RENTALS
Farm Table Timberwood,$79.50 ,https://partyperfect.com/itemimages/9264t.jpg,https://partyperfectcom/itemimages/9264-1.jpg,https://partyperfectcom/itemimages/9264-2.jpg,TABLE_RENTALS
Quarter Round Table,$6.00 ,https://partyperfect.com/itemimages/2548t.jpg,https://partyperfectcom/itemimages/2548-1.jpg,https://partyperfectcom/itemimages/2548-2.jpg,TABLE_RENTALS
400 Lb Marble White Spun Block Cover,$6.00 ,https://partyperfect.com/itemimages/9009t.jpg,https://partyperfectcom/itemimages/9009-1.jpg,https://partyperfectcom/itemimages/9009-2.jpg,TENT_RENTAL.
75 Gallon Delux Water Barrel,$30.00 ,https://partyperfect.com/itemimages/8135t.jpg,https://partyperfectcom/itemimages/8135-1.jpg,https://partyperfectcom/itemimages/8235-,TENT_RENTAL.
Concrete Anchors, ,https://partyperfect.com/itemimages/8842t.jpg,https://partyperfectcom/itemimages/8842-1.jpg,https://partyperfectcom/itemimages/8842-2.jpg,TENT_RENTAL.
Double French Door For Tent,$385.00 ,https://partyperfect.com/nan,,,TENT_RENTAL.
Rain Gutters For Tents, ,https://partyperfect.com/itemimages/8838t.jpg,https://partyperfectcom/itemimages/8838-1.jpg,https://partyperfectcom/itemimages/8838-2.jpg,TENT_RENTAL.
Single French Door For Tent,$198.50 ,https://partyperfect.com/nan,,,TENT_RENTAL.
Tent Block Covers, ,https://partyperfect.com/itemimages/8845t.jpg,https://partyperfectcom/itemimages/8845-1.jpg,https://partyperfectcom/itemimages/8845-2.jpg,TENT_RENTAL.
Tent Liners, ,https://partyperfect.com/itemimages/8841t.jpg,https://partyperfectcom/itemimages/8841-1.jpg,https://partyperfectcom/itemimages/8842-,TENT_RENTAL.
Tent Safety, ,https://partyperfect.com/itemimages/8844t.jpg,https://partyperfectcom/itemimages/8844-1.jpg,https://partyperfectcom/itemimages/8844-2.jpg,TENT_RENTAL.
Tent Sidewall Options, ,https://partyperfect.com/itemimages/8840t.jpg,https://partyperfectcom/itemimages/8840-1.jpg,https://partyperfectcom/itemimages/8840-2.jpg,TENT_RENTAL.
Waste Boxes, ,https://partyperfect.com/nan,,,TENT_RENTAL.
400 Lb Marble White Spun Block Cover,$6.00 ,https://partyperfect.com/itemimages/9009t.jpg,https://partyperfectcom/itemimages/9009-1.jpg,https://partyperfectcom/itemimages/9009-2.jpg,TRAYS_AND_STANDS_RENTALS
75 Gallon Delux Water Barrel,$30.00 ,https://partyperfect.com/itemimages/8135t.jpg,https://partyperfectcom/itemimages/8135-1.jpg,https://partyperfectcom/itemimages/8235-,TRAYS_AND_STANDS_RENTALS
Concrete Anchors, ,https://partyperfect.com/itemimages/8842t.jpg,https://partyperfectcom/itemimages/8842-1.jpg,https://partyperfectcom/itemimages/8842-2.jpg,TRAYS_AND_STANDS_RENTALS
Double French Door For Tent,$385.00 ,https://partyperfect.com/nan,,,TRAYS_AND_STANDS_RENTALS
Rain Gutters For Tents, ,https://partyperfect.com/itemimages/8838t.jpg,https://partyperfectcom/itemimages/8838-1.jpg,https://partyperfectcom/itemimages/8838-2.jpg,TRAYS_AND_STANDS_RENTALS
Single French Door For Tent,$198.50 ,https://partyperfect.com/nan,,,TRAYS_AND_STANDS_RENTALS
Tent Block Covers, ,https://partyperfect.com/itemimages/8845t.jpg,https://partyperfectcom/itemimages/8845-1.jpg,https://partyperfectcom/itemimages/8845-2.jpg,TRAYS_AND_STANDS_RENTALS
Tent Liners, ,https://partyperfect.com/itemimages/8841t.jpg,https://partyperfectcom/itemimages/8841-1.jpg,https://partyperfectcom/itemimages/8842-,TRAYS_AND_STANDS_RENTALS
Tent Safety, ,https://partyperfect.com/itemimages/8844t.jpg,https://partyperfectcom/itemimages/8844-1.jpg,https://partyperfectcom/itemimages/8844-2.jpg,TRAYS_AND_STANDS_RENTALS
Tent Sidewall Options, ,https://partyperfect.com/itemimages/8840t.jpg,https://partyperfectcom/itemimages/8840-1.jpg,https://partyperfectcom/itemimages/8840-2.jpg,TRAYS_AND_STANDS_RENTALS
Waste Boxes, ,https://partyperfect.com/nan,,,TRAYS_AND_STANDS_RENTALS
400 Lb Marble White Spun Block Cover,$6.00 ,https://partyperfect.com/itemimages/9009t.jpg,https://partyperfectcom/itemimages/9009-1.jpg,https://partyperfectcom/itemimages/9009-2.jpg,TENT_ACCESSORIES_RENTAL.
75 Gallon Delux Water Barrel,$30.00 ,https://partyperfect.com/itemimages/8135t.jpg,https://partyperfectcom/itemimages/8135-1.jpg,https://partyperfectcom/itemimages/8235-,TENT_ACCESSORIES_RENTAL.
Concrete Anchors, ,https://partyperfect.com/itemimages/8842t.jpg,https://partyperfectcom/itemimages/8842-1.jpg,https://partyperfectcom/itemimages/8842-2.jpg,TENT_ACCESSORIES_RENTAL.
Double French Door For Tent,$385.00 ,https://partyperfect.com/nan,,,TENT_ACCESSORIES_RENTAL.
Rain Gutters For Tents, ,https://partyperfect.com/itemimages/8838t.jpg,https://partyperfectcom/itemimages/8838-1.jpg,https://partyperfectcom/itemimages/8838-2.jpg,TENT_ACCESSORIES_RENTAL.
Single French Door For Tent,$198.50 ,https://partyperfect.com/nan,,,TENT_ACCESSORIES_RENTAL.
Tent Block Covers, ,https://partyperfect.com/itemimages/8845t.jpg,https://partyperfectcom/itemimages/8845-1.jpg,https://partyperfectcom/itemimages/8845-2.jpg,TENT_ACCESSORIES_RENTAL.
Tent Liners, ,https://partyperfect.com/itemimages/8841t.jpg,https://partyperfectcom/itemimages/8841-1.jpg,https://partyperfectcom/itemimages/8842-,TENT_ACCESSORIES_RENTAL.
Tent Safety, ,https://partyperfect.com/itemimages/8844t.jpg,https://partyperfectcom/itemimages/8844-1.jpg,https://partyperfectcom/itemimages/8844-2.jpg,TENT_ACCESSORIES_RENTAL.
Tent Sidewall Options, ,https://partyperfect.com/itemimages/8840t.jpg,https://partyperfectcom/itemimages/8840-1.jpg,https://partyperfectcom/itemimages/8840-2.jpg,TENT_ACCESSORIES_RENTAL.
Waste Boxes, ,https://partyperfect.com/nan,,,TENT_ACCESSORIES_RENTAL.
,,,,,
,,,,,
,,,,,
,,,,,
