product_name,product_price,product_image,search_text
1/2 Sheet Pan,$3.06,https://partyperfect.com/itemimages/1638t.jpg,CATERING_EQUIPMENT_RENTALS
"10"" Revere Bowl W Liner",$5.61,https://partyperfect.com/itemimages/1649t.jpg,CATERING_EQUIPMENT_RENTALS
"15""x11"" Small Wooden Carving Board",$7.14,https://partyperfect.com/itemimages/8804t.jpg,CATERING_EQUIPMENT_RENTALS
"20""x15"" Large Wooden Carving Board",$7.14,https://partyperfect.com/itemimages/1622t.jpg,CATERING_EQUIPMENT_RENTALS
4 Pan Cambro Food Carrier,$34.68,https://partyperfect.com/itemimages/1623t.jpg,CATERING_EQUIPMENT_RENTALS
"4"" Revere Bowl W Liner",$3.06,https://partyperfect.com/itemimages/1645t.jpg,CATERING_EQUIPMENT_RENTALS
6 Pan Cambro Food Carrier,$36.72,https://partyperfect.com/itemimages/1625t.jpg,CATERING_EQUIPMENT_RENTALS
"6"" Revere Bowl W Liner",$4.08,https://partyperfect.com/itemimages/1648t.jpg,CATERING_EQUIPMENT_RENTALS
8 Pan Cambro Food Carrier,$41.82,https://partyperfect.com/itemimages/1624t.jpg,CATERING_EQUIPMENT_RENTALS
"8"" Revere Bowl W Liner",$5.10,https://partyperfect.com/itemimages/1646t.jpg,CATERING_EQUIPMENT_RENTALS
"9"" Revere Bowl W Liner",$7.14,https://partyperfect.com/itemimages/8272t.jpg,CATERING_EQUIPMENT_RENTALS
Crescor Electric Hot Foodbox,$110.00,https://partyperfect.com/itemimages/9362t.jpg,CATERING_EQUIPMENT_RENTALS
Crescor Hot Foodbox,$84.15,https://partyperfect.com/itemimages/1628t.jpg,CATERING_EQUIPMENT_RENTALS
Double Heat Lamp,$20.91,https://partyperfect.com/itemimages/1690t.jpg,CATERING_EQUIPMENT_RENTALS
Plastic Plate Covers,$1.02,https://partyperfect.com/itemimages/1632t.jpg,CATERING_EQUIPMENT_RENTALS
Sheet Pan,$3.57,https://partyperfect.com/itemimages/1637t.jpg,CATERING_EQUIPMENT_RENTALS
Small Silver Shrimp Server,$8.16,https://partyperfect.com/itemimages/1681t.jpg,CATERING_EQUIPMENT_RENTALS
